<?xml version="1.0" encoding="ISO-8859-15"?>
<uc-export clientvers="12.0.0-dev+main.hf.1.build.3581">
<DOCU name="PCK.CUSTOM_MARKETAPLCE.PUB.DOC">
<HEADER state="1">
<Title>Pack Documentation</Title>
<ArchiveKey1/>
<ArchiveKey2/>
<OH_SubType/>
</HEADER>
<DOCU_Docu state="1" type="text">
<DOC><![CDATA[The Automic Marketplace Actionpacks utilize the Automic Marketplace API, documented here - https://documenter.getpostman.com/view/537289/automic-marketplace-api/6YyRu5Z

The Automic Marketplace REST API allows users to integrate the worlds largest Marketplace dedicated to business automation into their own applications, workflows and integration.
Search, and collaborate on Automic's Marketplace via these actions or use them to add plugins to your own private vault.



Actions Contained:


Search Plugins:
===============================
Returns the short form marketplace plugin list. This list can be filtered and limited to a certain number and offset in order to paginate.
Search parameters are passed into the URL.  For full list of available parameters see API documentation:
https://documenter.getpostman.com/view/537289/automic-marketplace-api/6YyRu5Z#1cb7d980-198c-cab8-5837-f75258fa465b

Get Plugin:
===============================
Returns Full information on a specific marketplace plugin.
The Plugin ID is required as part of the resource url.

Get Tags:
===============================
Returns an Array OF JSON Tag objects that can be used as search filters or upload metadata.


Create Plugin:
===============================
Upload a plugin to the Automic Marketplace.

You will need to add your your API_KEY and username to the connection object for basic authentication.
API_KEY : If you do not already have an API_KEY please send a request to marketplace@automic.com.
USERNAME: Use your marketplace email address as your username.

This actionpack  requires that your .zip plugin file is saved in a location that the REST Agent can access.
The Prompt sets provide an interface for all teh required metadata.  Full API documentation can be found here:
https://documenter.getpostman.com/view/537289/automic-marketplace-api/6YyRu5Z#c74945a2-d5a0-cf58-5979-d16e718a9cae

Once your plugin has been successfully posted, it will not go live onto the marketplace until approved by an administrator.  You will be automatically notified when this happens.
]]></DOC>
</DOCU_Docu>
</DOCU>
</uc-export>